{"count":1,"self":453.70552319999996,"total":460.5693052,"children":{"InitializeActuators":{"count":1,"self":0.0019947999999999997,"total":0.0019947999999999997,"children":null},"InitializeSensors":{"count":1,"self":0.0019947,"total":0.0019947,"children":null},"AgentSendState":{"count":22879,"self":0.13860229999999998,"total":0.2275016,"children":{"CollectObservations":{"count":4576,"self":0.034546299999999995,"total":0.034546299999999995,"children":null},"WriteActionMask":{"count":4576,"self":0.012195899999999999,"total":0.012195899999999999,"children":null},"RequestDecision":{"count":4576,"self":0.042157099999999996,"total":0.042157099999999996,"children":null}}},"DecideAction":{"count":22879,"self":6.1984987999999994,"total":6.1984989,"children":null},"AgentAct":{"count":22879,"self":0.4328142,"total":0.4328142,"children":null}},"gauges":{"FoodAgent.CumulativeReward":{"count":42,"max":1.99429619,"min":1.97176576,"runningAverage":1.98912942,"value":1.98983157,"weightedAverage":1.98911476}},"metadata":{"timer_format_version":"0.1.0","start_time_seconds":"1654688970","unity_version":"2020.3.32f1c1","command_line_arguments":"D:\\UnityProgram\\2020.3.32f1c1\\Editor\\Unity.exe -projectpath H:\\Github\\MLApp\\MLAppUnity -useHub -hubIPC -cloudEnvironment production -licensingIpc LicenseClient-Thinbug -hubSessionId 8f549f40-e6cb-11ec-9ca0-c3ceadb0822c -accessToken Qi48voI6JqGFKd7VZwaFDwZJlwcSKX7HupDvB5PQ3j8011f","communication_protocol_version":"1.5.0","com.unity.ml-agents_version":"2.2.1-exp.1","scene_name":"demo2","end_time_seconds":"1654689430"}}